,date
0,2024-06-01
1,2024-06-04
2,2024-06-06
3,2024-06-10
4,2024-06-16
5,2024-06-19
6,2024-06-23
7,2024-06-26
8,2024-07-01
9,2024-07-02
10,2024-07-04
11,2024-07-10
12,2024-07-13
13,2024-07-16
14,2024-07-17
15,2024-07-26
16,2024-07-27
17,2024-07-28
18,2024-08-12
19,2024-08-13
20,2024-08-16
21,2024-08-17
22,2024-08-18
23,2024-08-22
24,2024-08-24
25,2024-08-30
26,2024-09-02
27,2024-09-03
28,2024-09-10
29,2024-09-17
30,2024-09-19
31,2024-09-22
32,2024-09-23
33,2024-09-25
34,2024-10-03
35,2024-10-11
36,2024-10-16
37,2024-10-19
38,2024-10-20
39,2024-10-24
